{"stats":{"minecraft:killed_by":{"minecraft:player":1},"minecraft:custom":{"minecraft:time_since_rest":12000,"minecraft:open_chest":11,"minecraft:crouch_one_cm":8,"minecraft:play_time":29206,"minecraft:sprint_one_cm":16742,"minecraft:walk_one_cm":30166,"minecraft:damage_taken":350,"minecraft:deaths":1,"minecraft:sneak_time":298,"minecraft:walk_under_water_one_cm":6134,"minecraft:drop":11,"minecraft:jump":222,"minecraft:damage_dealt":0,"minecraft:time_since_death":11973,"minecraft:walk_on_water_one_cm":1330,"minecraft:total_world_time":29206,"minecraft:climb_one_cm":5415,"minecraft:fall_one_cm":1111,"minecraft:fly_one_cm":104274,"minecraft:player_kills":1,"minecraft:open_barrel":1},"minecraft:used":{"minecraft:torch":4,"additionalguns:p250":8,"minecraft:polished_andesite":26,"minecraft:ladder":1,"minecraft:chest":1,"hunting_delight:huntingknife":1},"minecraft:picked_up":{"minecraft:fishing_rod":1,"additionalguns:desert_eagle":1,"minecraft:ladder":1,"taccraft:flak_vest_chestplate":1,"hunting_delight:huntingknife":1,"minecraft:torch":2,"taccraft:heavy_assault_vest_chestplate":2,"additionalguns:p250":1,"minecraft:shield":1,"minecraft:cobblestone":2},"minecraft:mined":{"minecraft:ladder":1},"minecraft:dropped":{"minecraft:bread":128,"taccraft:heavy_assault_vest_chestplate":3,"minecraft:shield":1,"hunting_delight:huntingknife":3,"additionalguns:desert_eagle":2}},"DataVersion":3120}