{"stats":{"minecraft:killed_by":{"minecraft:guardian":1,"minecraft:player":1},"minecraft:custom":{"minecraft:time_since_rest":8016,"minecraft:open_chest":11,"minecraft:crouch_one_cm":58,"minecraft:play_time":18877,"minecraft:sprint_one_cm":24137,"minecraft:deaths":2,"minecraft:damage_taken":585,"minecraft:walk_one_cm":34565,"minecraft:sneak_time":193,"minecraft:walk_under_water_one_cm":9082,"minecraft:drop":3,"minecraft:jump":230,"minecraft:damage_dealt":0,"minecraft:time_since_death":7986,"minecraft:walk_on_water_one_cm":2543,"minecraft:total_world_time":18877,"minecraft:climb_one_cm":11473,"minecraft:swim_one_cm":5053,"minecraft:fall_one_cm":2278,"minecraft:fly_one_cm":30435,"minecraft:player_kills":1,"minecraft:open_barrel":7},"minecraft:used":{"taccraft:heavy_assault_vest_chestplate":2,"minecraft:sweet_berries":2,"additionalguns:p250":7,"minecraft:ladder":1,"minecraft:wooden_pickaxe":14},"minecraft:picked_up":{"additionalguns:desert_eagle":2,"minecraft:ladder":1,"minecraft:sweet_berries":3,"hunting_delight:huntingknife":4,"hunting_delight:humanmeat":6,"minecraft:torch":3,"taccraft:heavy_assault_vest_chestplate":3,"additionalguns:p250":1,"hunting_delight:broken_bone":9,"minecraft:bread":256,"minecraft:shield":4,"minecraft:cobblestone":10},"minecraft:mined":{"minecraft:ladder":1,"minecraft:sweet_berry_bush":1,"minecraft:cobblestone":5},"minecraft:dropped":{"minecraft:shield":1,"hunting_delight:huntingknife":1,"additionalguns:desert_eagle":1}},"DataVersion":3120}